测试时间:,20230328 15:01:00
波长(nm)/时间(s),498.002
392.000810873497,109.69613422698237
392.471537968622,109.69613422698237
392.942236580378,109.69613422698237
393.412906708739,109.69613422698237
393.883548353679,109.69613422698237
394.35416151517,109.69613422698237
394.824746193186,109.69613422698237
395.295302387701,109.69613422698237
395.765830098687,109.69613422698237
396.236329326118,109.69613422698237
396.706800069967,109.69613422698237
397.177242330208,109.69613422698237
397.647656106815,109.69613422698237
398.118041399759,109.69613422698237
398.588398209015,109.69613422698237
399.058726534556,109.69613422698237
399.529026376356,109.69613422698237
399.999297734387,109.69613422698237
400.469540608623,109.69613422698237
400.939754999037,109.69613422698237
401.409940905604,109.69613422698237
401.880098328295,109.69613422698237
402.350227267084,109.69613422698237
402.820327721946,109.69613422698237
403.290399692852,109.69613422698237
403.760443179777,109.69613422698237
404.230458182693,109.69613422698237
404.700444701575,109.69613422698237
405.170402736395,109.69613422698237
405.640332287126,109.69613422698237
406.110233353743,109.69613422698237
406.580105936218,109.7593251004558
407.049950034525,109.81125972363854
407.519765648636,109.8654018749632
407.989552778527,109.91241783532995
408.459311424169,109.96165104953892
408.929041585536,110.00898504938708
409.398743262601,110.05169352814238
409.868416455339,110.09343158473024
410.338061163721,110.12996528161037
410.807677387722,110.16589931300722
411.277265127314,110.19606372333627
411.746824382472,110.22724790090487
412.216355153168,110.25139622646769
412.685857439376,110.27747478469622
413.155331241069,110.30043404497998
413.624776558221,110.32405536004661
414.094193390804,110.3486516150272
414.563581738792,110.37794097439497
415.032941602159,110.41057584132778
415.502272980878,110.4396384871601
415.971575874921,110.47439129631594
416.440850284264,110.50356789517993
416.910096208878,110.53331071940384
417.379313648737,110.5597405143465
417.848502603815,110.58623966468446
418.317663074084,110.60928838539549
418.786795059519,110.63158819498433
419.255898560092,110.64856383010024
419.724973575777,110.66167868062837
420.194020106547,110.67745132465197
420.663038152376,110.68567092553897
421.132027713237,110.69627815130077
421.600988789102,110.69549091718764
422.069921379947,110.69957584251425
422.538825485743,110.69612391990826
423.007701106464,110.69194029380385
423.476548242084,110.68849744812887
423.945366892576,110.68696809943053
424.414157057913,110.68483693029235
424.882918738068,110.67975123560613
425.351651933015,110.67791650203958
425.820356642728,110.67100304274788
426.289032867179,110.6708232661952
426.757680606342,110.66246471513145
427.22629986019,110.65545542698662
427.694890628697,110.64439585829301
428.163452911836,110.63352765228774
428.63198670958,110.62223823108671
429.100492021902,110.60825915640642
429.568968848776,110.5949785924802
430.037417190176,110.57790257523197
430.505837046074,110.56146385944669
430.974228416444,110.54041441752685
431.44259130126,110.5233195376661
431.910925700494,110.50222804618944
432.37923161412,110.48318243867918
432.847509042111,110.46450895002307
433.315757984441,110.44662642557932
433.783978441083,110.43013295929697
434.25217041201,110.40990980379394
434.720333897195,110.39426234542529
435.188468896613,110.37602360239862
435.656575410236,110.36265911020729
436.124653438037,110.34447769439197
436.592702979991,110.33402367870687
437.06072403607,110.32124021205068
437.528716606247,110.31356543855446
437.996680690496,110.3072184336309
438.464616288791,110.30048035648535
438.932523401105,110.29659043577053
439.40040202741,110.29254890102693
439.868252167681,110.2911323112991
440.33607382189,110.28621842500115
440.803866990011,110.28501616059772
441.271631672018,110.28293576241093
441.739367867883,110.2821490581014
442.207075577581,110.28211003339783
442.674754801084,110.28342125807822
443.142405538365,110.28577906626302
443.610027789398,110.28402728646525
444.077621554157,110.28295765384154
444.545186832615,110.27764174144009
445.012723624744,110.27464789427728
445.480231930519,110.27003973669714
445.947711749912,110.26812188087953
446.415163082898,110.26354833050964
446.882585929449,110.26149439854001
447.349980289539,110.25974591538585
447.817346163141,110.26140577508147
448.284683550228,110.26523492467115
448.751992450774,110.26849828093687
449.219272864752,110.27304416536596
449.686524792135,110.27469885424202
450.153748232897,110.28217885165154
450.620943187011,110.2875672394765
451.088109654451,110.29964720590745
451.555247635189,110.3118040106518
452.0223571292,110.32603782222475
452.489438136455,110.34161977851488
452.95649065693,110.35943592913925
453.423514690597,110.3814135578663
453.890510237429,110.40303497000103
454.3574772974,110.42750543288302
454.824415870483,110.44917659904542
455.291325956651,110.4740394941591
455.758207555878,110.49780379167274
456.225060668138,110.52491617086754
456.691885293403,110.55397763249621
457.158681431646,110.58242315831563
457.625449082842,110.61451611393211
458.092188246963,110.64543880024912
458.558898923983,110.67953798292316
459.025581113875,110.71501261946966
459.492234816613,110.75280190553143
459.958860032169,110.78880730118846
460.425456760518,110.82494287595917
460.892025001632,110.86043358874576
461.358564755485,110.8973629170874
461.82507602205,110.9351397644637
462.291558801301,110.97285000252873
462.75801309321,111.01360903389497
463.224438897752,111.05442939142478
463.690836214899,111.0962531235122
464.157205044625,111.13680537758648
464.623545386903,111.17986912636032
465.089857241706,111.22165879025957
465.556140609009,111.26595844813748
466.022395488784,111.30889888651416
466.488621881004,111.35388088534384
466.954819785643,111.39977591733832
467.420989202674,111.44759457204064
467.887130132071,111.49866668571946
468.353242573807,111.54926104147285
468.819326527855,111.60351874126187
469.285381994188,111.65884018918642
469.751408972781,111.71731350198363
470.217407463605,111.7758394664528
470.683377466635,111.83684760684709
471.149318981844,111.90016305797657
471.615232009206,111.96443121773824
472.081116548693,112.03178888476405
472.546972600278,112.099506627006
473.012800163937,112.17082503523037
473.47859923964,112.24280212582568
473.944369827363,112.31957816532747
474.410111927078,112.39683077289185
474.875825538758,112.47612368035294
475.341510662377,112.55683468412786
475.807167297909,112.64005605036523
476.272795445326,112.72422261348986
476.738395104603,112.80850737465838
477.203966275711,112.89570345217373
477.669508958625,112.98315395306473
478.135023153318,113.07368699648364
478.600508859764,113.16418940587927
479.065966077935,113.25748286226364
479.531394807805,113.3504025120117
479.996795049347,113.4440156317935
480.462166802535,113.53686441218082
480.927510067342,113.62953088911223
481.392824843741,113.72335027822216
481.858111131706,113.8163894157698
482.32336893121,113.91081777589508
482.788598242226,114.00374906925921
483.253799064728,114.0992898864885
483.718971398688,114.19414573455585
484.184115244082,114.28919472029135
484.64923060088,114.38350140835945
485.114317469058,114.47694406507043
485.579375848588,114.56967711822521
486.044405739444,114.66180402642718
486.509407141599,114.75479712818913
486.974380055027,114.84738551489242
487.439324479699,114.94167121727519
487.904240415591,115.03412988306361
488.369127862676,115.12726053455478
488.833986820926,115.2207307775162
489.298817290315,115.31491291045815
489.763619270817,115.40869247673487
490.228392762404,115.5018462113008
490.69313776505,115.59638204702726
491.157854278729,115.6892687558196
491.622542303413,115.7828495106352
492.087201839077,115.87592946076181
492.551832885693,115.97027831865796
493.016435443234,116.06190243428352
493.481009511675,116.1547036148771
493.945555090988,116.24516727919277
494.410072181147,116.33514684593537
494.874560782125,116.42464202683252
495.339020893895,116.5126875110482
495.803452516431,116.59979729346391
496.267855649707,116.6840832772588
496.732230293694,116.76853122923741
497.196576448368,116.8502052810923
497.6608941137,116.92961864829752
498.125183289665,117.00812735952542
498.589443976236,117.08656817373098
499.053676173386,117.16246693647375
499.517879881088,117.23643419138915
499.982055099316,117.30993217145152
500.446201828044,117.38066739646578
500.910320067244,117.45030327380523
501.374409816889,117.5165586512702
501.838471076954,117.58241494967372
502.302503847411,117.64463966956197
502.766508128234,117.70533079788414
503.230483919396,117.76413046206983
503.694431220871,117.82171001299675
504.158350032631,117.87774730664387
504.622240354651,117.93327552814519
505.086102186903,117.98742030124902
505.549935529361,118.03829145519362
506.013740381998,118.08968084533133
506.477516744788,118.13886231840716
506.941264617703,118.18753774372722
507.404984000718,118.23470168319473
507.868674893806,118.28208973364289
508.332337296939,118.32872553296981
508.795971210091,118.37405640452648
509.259576633236,118.41970927555421
509.723153566346,118.46433903515396
510.186702009396,118.50985727825865
510.650221962359,118.55312151700274
511.113713425207,118.59692723317741
511.577176397915,118.63807665229899
512.040610880455,118.67984237547665
512.504016872801,118.72144091493745
512.967394374926,118.76253076102205
513.430743386804,118.80421928218188
513.894063908408,118.84528264689021
514.357355939711,118.88431068328622
514.820619480686,118.92173389250569
515.283854531308,118.9590532447423
515.747061091548,118.99416091454952
516.210239161382,119.02930675746914
516.673388740781,119.06196164480359
517.136509829719,119.09270920654227
517.59960242817,119.12066942060781
518.062666536107,119.14635377616638
518.525702153504,119.16987682978424
518.988709280333,119.18977079044699
519.451687916567,119.20818106698749
519.914638062182,119.22288782731465
520.377559717148,119.23536224858175
520.840452881441,119.24398353242948
521.303317555033,119.25304095627534
521.766153737898,119.25855030982184
522.228961430008,119.26218629449276
522.691740631338,119.26287204703736
523.154491341861,119.2598301215842
523.61721356155,119.25557099692152
524.079907290377,119.24779698367476
524.542572528318,119.23890186100559
525.005209275344,119.22607317204896
525.46781753143,119.21264401696232
525.930397296549,119.19547557727704
526.392948570673,119.17460393003653
526.855471353777,119.15048362780024
527.317965645834,119.12346937397666
527.780431446816,119.093951204891
528.242868756698,119.0594566466343
528.705277575453,119.02206464733123
529.167657903054,118.9809410778453
529.630009739474,118.93866940559029
530.092333084686,118.89220834332816
530.554627938665,118.84309010202338
531.016894301383,118.79184478003504
531.479132172814,118.73803614717674
531.941341552931,118.68137082389642
532.403522441707,118.62023715957979
532.865674839116,118.5564907665292
533.327798745131,118.49015855887679
533.789894159725,118.4222035985891
534.251961082872,118.35055282461597
534.713999514546,118.27721979184601
535.176009454718,118.20035235397971
535.637990903364,118.12191861377559
536.099943860455,118.03950318361785
536.561868325966,117.95408062476298
537.02376429987,117.8670726115891
537.485631782139,117.77629223730686
537.947470772748,117.68282564007204
538.40928127167,117.58624397447412
538.871063278878,117.48860573710543
539.332816794346,117.38741477601155
539.794541818046,117.28589700489242
540.256238349952,117.18115182524338
540.717906390038,117.07452491967624
541.179545938277,116.96568604214399
541.641156994641,116.85444419493773
542.102739559105,116.74203664481149
542.564293631642,116.62734304099516
543.025819212226,116.51238204688072
543.487316300828,116.39489036051773
543.948784897423,116.27703470478016
544.410225001985,116.15832932124982
544.871636614486,116.03932614037299
545.333019734899,115.91977625501245
545.7943743632,115.79944814808304
546.255700499359,115.68037911383547
546.716998143351,115.55988297602644
547.17826729515,115.44041113954432
547.639507954728,115.32102166722306
548.100720122058,115.20207713807771
548.561903797116,115.08227526653697
549.023058979872,114.96392500216784
549.484185670301,114.84477991464664
549.945283868377,114.72632283563115
550.406353574072,114.60907895057154
550.86739478736,114.49246768974163
551.328407508214,114.37730780994693
551.789391736608,114.26196512591339
552.250347472514,114.14761665113268
552.711274715907,114.03379742434011
553.172173466759,113.92168145110742
553.633043725044,113.81015145751374
554.093885490736,113.70048103082358
554.554698763807,113.59169702202546
555.015483544231,113.48512938015742
555.476239831981,113.3806360896062
555.93696762703,113.2775222709857
556.397666929353,113.17765449240082
556.858337738922,113.0791753373936
557.31898005571,112.98340112726027
557.779593879691,112.88809458744899
558.240179210839,112.79530555156715
558.700736049126,112.70486338576804
559.161264394526,112.61654841776766
559.621764247013,112.53021663820623
560.082235606559,112.44627223115587
560.542678473137,112.36548345694301
561.003092846723,112.28685597038162
561.463478727287,112.21042225519354
561.923836114805,112.13550949844036
562.384165009249,112.06352011420992
562.844465410593,111.99304732704049
563.304737318809,111.9258222757974
563.764980733872,111.86059796020311
564.225195655755,111.7981153725327
564.68538208443,111.73821746952476
565.145540019872,111.68038350212116
565.605669462054,111.62536196742444
566.065770410948,111.57268579849853
566.525842866529,111.52253990886723
566.985886828769,111.4738622547599
567.445902297643,111.42798951551256
567.905889273123,111.38317962436942
568.365847755182,111.34122272553408
568.825777743795,111.30126058331564
569.285679238933,111.26336782179638
569.745552240572,111.22727396651835
570.205396748683,111.19256027115553
570.665212763241,111.16022605314326
571.125000284219,111.12866064910934
571.584759311589,111.09981509085857
572.044489845326,111.07166461428208
572.504191885403,111.04488583797531
572.963865431792,111.01947366669687
573.423510484468,110.99579747456804
573.883127043404,110.97379589698203
574.342715108573,110.95284596737451
574.802274679948,110.93420238144788
575.261805757503,110.9163440777766
575.721308341211,110.90024440377455
576.180782431045,110.88539235058514
576.640228026979,110.87300185946378
577.099645128986,110.86144165125188
577.55903373704,110.85215058356985
578.018393851113,110.84404257128895
578.47772547118,110.83711866599793
578.937028597213,110.83169573083927
579.396303229185,110.82734646216056
579.855549367071,110.82423888169193
580.314767010843,110.82273977641161
580.773956160475,110.82220434111775
581.23311681594,110.8222142998527
581.692248977211,110.82357675370598
582.151352644262,110.82606679367333
582.610427817067,110.82961803549834
583.069474495597,110.83371065058913
583.528492679828,110.83834199051486
583.987482369732,110.84401767871955
584.446443565282,110.8497845705245
584.905376266452,110.85680630665892
585.364280473215,110.86433548718138
585.823156185544,110.87347866899259
586.282003403414,110.88356450423116
586.740822126796,110.89509057988818
587.199612355665,110.90666546441423
587.658374089994,110.91949329190209
588.117107329756,110.93295510096914
588.575812074924,110.94704104985703
589.034488325473,110.96132624169249
589.493136081374,110.97608110823433
589.951755342602,110.99204982374725
590.41034610913,111.00806761000187
590.868908380931,111.02456146288158
591.327442157979,111.04089361525291
591.785947440246,111.05774430162344
592.244424227706,111.07448691351908
592.702872520334,111.09128566807901
593.161292318101,111.10827544194332
593.619683620981,111.12530343200456
594.078046428947,111.14281838395078
594.536380741974,111.15994529989406
594.994686560034,111.17777808181627
595.4529638831,111.19497175610556
595.911212711146,111.21280435457328
596.369433044146,111.23029400592813
596.827624882072,111.2476707959345
597.285788224898,111.26502578058923
597.743923072597,111.28289472868957
598.202029425143,111.30132155180051
598.660107282508,111.31919629587507
599.118156644667,111.33767914772615
599.576177511593,111.35583261130974
600.034169883258,111.37407969369974
600.492133759637,111.39154170430135
600.950069140702,111.40841415972358
601.407976026427,111.42506563038332
601.865854416786,111.44159498878388
602.32370431175,111.45790829456664
602.781525711295,111.47369384267218
603.239318615394,111.48883696099993
603.697083024019,111.50305938408614
604.154818937143,111.51766681178691
604.612526354742,111.53108254052817
605.070205276786,111.54409511629902
605.527855703251,111.55672760788883
605.985477634109,111.56879289917867
606.443071069334,111.57997179182755
606.900636008898,111.59050998733854
607.358172452776,111.60094609842754
607.815680400941,111.6114021982519
608.273159853365,111.62131543968033
608.730610810023,111.63006696814713
609.188033270888,111.63847364982577
609.645427235932,111.64578659821265
610.10279270513,111.65324573913999
610.560129678455,111.66027246914355
611.017438155879,111.6660611874511
611.474718137377,111.67126170144962
611.931969622922,111.67533588869495
612.389192612486,111.67871595537763
612.846387106044,111.6809346170282
613.303553103569,111.68260213621768
613.760690605034,111.6829057416892
614.217799610412,111.68196176320873
614.674880119676,111.67925353934272
615.131932132801,111.6760684355003
615.58895564976,111.67201024944627
616.045950670524,111.66721117497195
616.502917195069,111.66194773152824
616.959855223368,111.65532180580492
617.416764755393,111.64802884580942
617.873645791118,111.63981002293599
618.330498330517,111.63125495471802
618.787322373562,111.62193444982022
619.244117920227,111.61180717017731
619.700884970486,111.60090415183238
620.157623524311,111.58945180327267
620.614333581677,111.57765891268235
621.071015142556,111.56516985047199
621.527668206922,111.55230356995938
621.984292774747,111.53835511437808
622.440888846007,111.52412118508958
622.897456420673,111.50883317836444
623.353995498719,111.49322883182506
623.810506080119,111.47720817374933
624.266988164845,111.46104449642345
624.723441752872,111.44451432649859
625.179866844171,111.42735990583485
625.636263438718,111.40989899913305
626.092631536485,111.3922328960115
626.548971137445,111.37484618074171
627.005282241573,111.35706536107557
627.46156484884,111.33893276270088
627.917818959221,111.32032964245681
628.374044572688,111.30236352192833
628.830241689216,111.28476199847667
629.286410308777,111.26725213439138
629.742550431345,111.24990828923116
630.198662056893,111.23267993822977
630.654745185395,111.21631367581213
631.110799816824,111.20028212209817
631.566825951152,111.18484767918673
632.022823588354,111.16900309329756
632.478792728404,111.15381714466632
632.934733371273,111.13867727042916
633.390645516936,111.12355435710231
633.846529165365,111.10868294533638
634.302384316535,111.09439194642523
634.758210970418,111.08097027814827
635.214009126989,111.06750374395202
635.669778786219,111.05437948114042
636.125519948083,111.04186332947513
636.581232612554,111.03092491984145
637.036916779605,111.02043238508806
637.492572449209,111.01068313268927
637.948199621341,111.00109725867618
638.403798295973,110.99210367429552
638.859368473078,110.98455480650587
639.31491015263,110.97793121764477
639.770423334603,110.97267384420496
640.225908018968,110.96809893023335
640.681364205701,110.9651166554387
641.136791894775,110.96314917921926
641.592191086161,110.96260540524895
642.047561779835,110.96307926061593
642.502903975769,110.96489562183235
642.958217673936,110.96719177368391
643.413502874311,110.96987357300907
643.868759576866,110.9734703980522
644.323987781574,110.97729269240409
644.779187488409,110.98210138146868
645.234358697345,110.98777597976918
645.689501408354,110.9945626911011
646.14461562141,111.00175318786167
646.599701336486,111.00969668388038
647.054758553557,111.01889508332576
647.509787272594,111.02891914833636
647.964787493571,111.03998759547432
648.419759216462,111.05154452130569
648.87470244124,111.06405723961524
649.329617167878,111.07700993228465
649.78450339635,111.09087093300526
650.239361126629,111.10519030907632
650.694190358688,111.12033045865194
651.148991092501,111.13680558742446
651.603763328041,111.15420298696615
652.058507065281,111.17185569881286
652.513222304195,111.19004388528847
652.967909044756,111.20910700208411
653.422567286937,111.22859674996714
653.877197030712,111.24862294852291
654.331798276054,111.26896721519371
654.786371022936,111.29011731744455
655.240915271332,111.31176707705038
655.695431021216,111.33405414723637
656.149918272559,111.35662161018573
656.604377025336,111.3797889125748
657.05880727952,111.403118216236
657.513209035085,111.42662528829291
657.967582292003,111.45024321946067
658.421927050248,111.47384581784887
658.876243309794,111.49819520127755
659.330531070613,111.5223467735165
659.78479033268,111.54705818217738
660.239021095967,111.57193487346223
660.693223360448,111.59693588258651
661.147397126095,111.6220370335132
661.601542392883,111.64707051689781
662.055659160785,111.67259026762733
662.509747429774,111.6980495475306
662.963807199824,111.72390885366778
663.417838470907,111.74964156752839
663.871841242997,111.77599668497444
664.325815516068,111.8020054475074
664.779761290092,111.82842890239435
665.233678565044,111.85474187761199
665.687567340896,111.8810931473543
666.141427617622,111.90822501381278
666.595259395194,111.9352405302743
667.049062673588,111.96271912653232
667.502837452775,111.99027843891164
667.956583732729,112.01840628434113
668.410301513424,112.04602262238721
668.863990794833,112.07352088567382
669.317651576928,112.10076085167762
669.771283859684,112.12808483429845
670.224887643074,112.15587057150088
670.678462927072,112.18393516004126
671.132009711649,112.21297903321319
671.585527996781,112.24188521115751
672.039017782439,112.27188351919095
672.492479068599,112.30247950175358
672.945911855232,112.33314653113092
673.399316142312,112.36379580071396
673.852691929812,112.39435167408307
674.306039217707,112.42534685946403
674.759358005968,112.45624587509268
675.212648294571,112.48767754179948
675.665910083487,112.51964585745837
676.11914337269,112.55251842045308
676.572348162154,112.58601143128035
677.025524451852,112.62017896194169
677.478672241757,112.65457180659533
677.931791531842,112.68958717609588
678.384882322081,112.72495187558941
678.837944612448,112.76018806782649
679.290978402915,112.79554776495641
679.743983693456,112.83134485605278
680.196960484044,112.86770909380188
680.649908774653,112.90443644508517
681.102828565255,112.94156577480179
681.555719855825,112.97906807134801
682.008582646336,113.01715761806055
682.46141693676,113.05509654123261
682.914222727072,113.09378391972028
683.367000017244,113.13303215352235
683.81974880725,113.17262067629177
684.272469097064,113.21255779151376
684.725160886658,113.25286562603732
685.177824176006,113.2940990402225
685.630458965081,113.33569998406792
686.083065253857,113.37751769933797
686.535643042307,113.41955921272722
686.988192330404,113.46247013500574
687.440713118121,113.50590715239181
687.893205405433,113.55009669977404
688.345669192312,113.59511712505038
688.798104478732,113.64071818762446
689.250511264665,113.68720186569003
689.702889550086,113.73337506749819
690.155239334968,113.77970509976156
690.607560619283,113.82593705560316
691.059853403006,113.87267517160325
691.512117686109,113.91918245285797
691.964353468567,113.96586673484741
692.416560750351,114.0126468071454
692.868739531437,114.06007826653698
693.320889811797,114.10800709498713
693.773011591403,114.15531691361775
694.225104870231,114.20285264420521
694.677169648252,114.24966043901428
695.129205925441,114.29634431932544
695.58121370177,114.34310109476442
696.033192977214,114.3900747179551
696.485143751745,114.43725675486915
696.937066025336,114.484657946172
697.388959797962,114.53202140857837
697.840825069595,114.57914272802024
698.292661840209,114.62632075498921
698.744470109776,114.67313724331434
699.196249878272,114.72026089380046
699.648001145668,114.76649744453786
700.099723911937,114.8122546578508
700.551418177055,114.85809646655038
701.003083940993,114.90383159003925
701.454721203725,114.94988092548815
701.906329965224,114.99540564002825
702.357910225465,115.04053578475263
702.809461984419,115.08471850903439
703.260985242061,115.12864478174484
703.712479998363,115.17155890593584
704.1639462533,115.21430077201738
704.615384006844,115.25633740602852
705.066793258968,115.29838154203713
705.518174009647,115.33974679029271
705.969526258853,115.38060384093116
706.420850006561,115.42109006595904
706.872145252742,115.46113173844321
707.32341199737,115.50096213656055
707.77465024042,115.54021423413779
708.225859981863,115.57906766786121
708.677041221675,115.61780627677989
709.128193959826,115.65622715190102
709.579318196292,115.69463105308036
710.030413931046,115.73285450324089
710.48148116406,115.77085452328672
710.932519895308,115.80850496469694
711.383530124764,115.84598075033905
711.834511852401,115.88270481032461
712.285465078191,115.91955214911306
712.73638980211,115.95583329424173
713.187286024129,115.99269724838025
713.638153744222,116.02947055497704
714.088992962363,116.0660448567832
714.539803678525,116.10237020652045
714.99058589268,116.13860812556382
715.441339604804,116.17374045188532
715.892064814868,116.20831810626674
716.342761522846,116.24238807874998
716.793429728712,116.27563982547194
717.244069432439,116.30912969827479
717.694680634,116.34193993718779
718.145263333368,116.37453099240693
718.595817530518,116.40658512664963
719.046343225421,116.43803613008207
719.496840418052,116.46943186609239
719.947309108384,116.50017185720525
720.397749296391,116.53061366487927
720.848160982044,116.56058268978153
721.298544165319,116.59051016239601
721.748898846188,116.61964295121952
722.199225024624,116.64937889137806
722.649522700602,116.67894005865811
723.099791874093,116.70794483956527
723.550032545073,116.73694293032355
724.000244713513,116.7650182910413
724.450428379387,116.79302176941596
724.900583542669,116.82081260851005
725.350710203332,116.84853075947045
725.800808361349,116.87611813467682
726.250878016694,116.90308334741744
726.70091916934,116.92930099244307
727.15093181926,116.95557203919265
727.600915966427,116.98163693150084
728.050871610816,117.00732597630396
728.500798752398,117.0329103764937
728.950697391149,117.05776314464433
729.40056752704,117.0822380806685
729.850409160046,117.10680459558101
730.300222290139,117.13168302197649
730.750006917294,117.15632812202912
731.199763041482,117.18111324135342
731.649490662678,117.20551421710393
732.099189780856,117.22965843309728
732.548860395987,117.25303501731403
732.998502508047,117.27652430907034
733.448116117007,117.30015893735566
733.897701222841,117.32336483840605
734.347257825523,117.3462151661943
734.796785925027,117.36840352534549
735.246285521324,117.39039567348405
735.695756614389,117.41223363363947
736.145199204196,117.43373718046787
736.594613290716,117.45477953978246
737.043998873924,117.47461277069269
737.493355953794,117.49407359236089
737.942684530298,117.51265573967729
738.391984603409,117.53056149693863
738.841256173101,117.54778231733226
739.290499239348,117.56503902147502
739.739713802123,117.58098094011996
740.188899861398,117.59601545190901
740.638057417148,117.60973342808579
741.087186469346,117.622932127293
741.536287017964,117.63560669938818
741.985359062978,117.64742880865344
742.434402604358,117.65823308905655
742.88341764208,117.66873737399844
743.332404176116,117.67876758831085
743.781362206441,117.68816629102146
744.230291733026,117.69723532637667
744.679192755845,117.70561347445667
745.128065274873,117.71395235078609
745.576909290081,117.72191568339477
746.025724801444,117.72978352880611
746.474511808934,117.73778426615979
746.923270312526,117.74562507033609
747.372000312192,117.75348514406264
747.820701807906,117.76034371591938
748.269374799641,117.76691244373083
748.718019287371,117.77299765895135
749.166635271068,117.77908034026848
749.615222750706,117.78455583357524
750.063781726259,117.78987377110525
750.5123121977,117.79521624203856
750.960814165002,117.80002387584929
751.409287628138,117.80474168254307
751.857732587082,117.80899951713604
752.306149041807,117.81321427261315
752.754536992287,117.81656796461711
753.202896438494,117.81950003912151
753.651227380403,117.82196392183809
754.099529817986,117.82435783061953
754.547803751217,117.82662242792007
754.996049180069,117.82858792713199
755.444266104516,117.83026043732184
755.892454524531,117.83176313715836
756.340614440086,117.83306394173309
756.788745851156,117.83378229565903
757.236848757715,117.83388897632122
757.684923159734,117.83363433497519
758.132969057188,117.83324999505484
758.580986450049,117.83224712421313
759.028975338292,117.83106079886717
759.476935721889,117.82951643913476
759.924867600815,117.82793723334268
760.372770975041,117.82629316645635
760.820645844542,117.82404861225616
761.268492209291,117.82201869920884
761.716310069261,117.81995430571172
762.164099424426,117.8179504939716
762.611860274758,117.81539319493652
763.059592620232,117.8126212898267
763.507296460821,117.8093495899773
763.954971796497,117.8062700370721
764.402618627234,117.80258500483569
764.850236953007,117.79877502128161
765.297826773787,117.79514662681204
765.745388089548,117.79131409407965
766.192920900264,117.78761142369854
766.640425205908,117.78367707971543
767.087901006453,117.78002751235181
767.535348301873,117.77644036538476
767.98276709214,117.7726684333105
768.430157377229,117.76840253577723
768.877519157113,117.76381626012437
769.324852431764,117.7590250757807
769.772157201157,117.7541775661641
770.219433465264,117.74981391015007
770.66668122406,117.74510789665882
771.113900477516,117.74167518903847
771.561091225607,117.73804565945115
772.008253468307,117.73431198805538
772.455387205587,117.73038211871852
772.902492437423,117.72628215927425
773.349569163786,117.72162804670045
773.79661738465,117.71655144203325
774.243637099989,117.71109643496446
774.690628309777,117.70501122067462
775.137591013985,117.69942821350709
775.584525212588,117.69365513715594
776.03143090556,117.68793296753455
776.478308092872,117.68191281564904
776.925156774499,117.67576541276034
777.371976950414,117.66912380398924
777.818768620591,117.66171988016956
778.265531785002,117.65440017337004
778.712266443622,117.64706447647161
779.158972596422,117.6395454733148
779.605650243378,117.63140635648125
780.052299384461,117.62358208708706
780.498920019646,117.61544481090368
780.945512148905,117.60751556876693
781.392075772213,117.59974930192529
781.838610889542,117.59152579237299
782.285117500866,117.58316107082707
782.731595606157,117.57553781387357
783.178045205391,117.56785529793041
783.624466298538,117.56007410042311
784.070858885574,117.55307586859828
784.517222966472,117.54603554456405
784.963558541204,117.53865330249712
785.409865609744,117.53070061763455
785.856144172065,117.52271585349813
786.302394228142,117.51489291541884
786.748615777946,117.50731741743897
787.194808821452,117.49999369487688
787.640973358633,117.49252616481978
788.087109389461,117.48520723202351
788.533216913912,117.47793088382457
788.979295931957,117.47089603594073
789.42534644357,117.46348871784495
789.871368448724,117.4565058502643
790.317361947393,117.44903782829323
790.763326939551,117.44174560037663
791.20926342517,117.43369073676219
791.655171404224,117.4263461263525
792.101050876685,117.41890053310166
792.546901842529,117.41186708829422
792.992724301727,117.40503627566507
793.438518254253,117.39793416627082
793.884283700081,117.39080270013493
794.330020639184,117.3836157088487
794.775729071534,117.37656123594677
795.221408997107,117.36937196679969
795.667060415874,117.36248090127135
796.112683327809,117.3555533096185
796.558277732886,117.34853750546186
797.003843631077,117.34166626352102
797.449381022357,117.3341903725551
797.894889906698,117.3274499142769
798.340370284075,117.3194155562906
798.785822154459,117.31197243056626
799.231245517825,117.30432330275123
799.676640374146,117.29685945009132
800.122006723395,117.2893742290966
800.567344565545,117.2820431133518
801.01265390057,117.27478381989364
801.457934728444,117.26749809418989
801.903187049139,117.26029636119823
802.348410862629,117.25252940829822
802.793606168887,117.24473274255037
803.238772967887,117.23673976545395
803.683911259602,117.22910823593442
804.129021044005,117.2208905309755
804.57410232107,117.2128426046157
805.019155090769,117.2054283628969
805.464179353077,117.19747692880887
805.909175107966,117.18942708194491
806.35414235541,117.18095527900857
806.799081095382,117.17289947386011
807.243991327857,117.16429410271692
807.688873052805,117.15594960122787
808.133726270203,117.14739736573736
808.578550980022,117.1393835315518
809.023347182235,117.13153854681941
809.468114876817,117.12389587091884
809.912854063741,117.11587107872248
810.35756474298,117.1078548334549
810.802246914507,117.10116666619903
811.246900578295,117.09414933535464
811.691525734319,117.08745056158756
812.13612238255,117.08089079908129
812.580690522964,117.07478598818584
813.025230155532,117.06893995249555
813.469741280229,117.06286354865128
813.914223897028,117.05651603097193
814.358678005901,117.04948357287368
814.803103606823,117.04242549784905
815.247500699766,117.0345880068429
815.691869284704,117.02665080167009
816.136209361611,117.01802805061598
816.58052093046,117.00995105938286
817.024803991223,117.00132487419516
817.469058543875,116.99266993887821
817.913284588388,116.98348886726123
818.357482124737,116.97442092650866
818.801651152893,116.96556223490907
819.245791672832,116.95654577515172
819.689903684525,116.94729633250336
820.133987187947,116.93790069975911
820.578042183071,116.92848277456713
821.022068669869,116.91871794651814
821.466066648317,116.90850854796334
821.910036118385,116.89858675915715
822.353977080049,116.88926377022163
822.797889533281,116.88002655378631
823.241773478055,116.87066218860978
823.685628914344,116.8616916193568
824.129455842121,116.85202029751842
824.57325426136,116.84298021114874
825.017024172035,116.83339984277846
825.460765574117,116.82398163669691
825.904478467582,116.81383623051919
826.348162852401,116.80345962608617
826.791818728549,116.79271319535545
827.235446095998,116.78266353754586
827.679044954723,116.77287924257686
828.122615304696,116.76345776566022
828.566157145891,116.75408389482178
829.009670478281,116.74432891209514
829.45315530184,116.73514783293587
829.89661161654,116.72575802667258
830.340039422355,116.71643559323711
830.783438719259,116.7065769124947
831.226809507225,116.69716909597017
831.670151786225,116.68773707172298
832.113465556235,116.67798393076802
832.556750817225,116.66881828378881
833.000007569172,116.65971475132342
833.443235812046,116.65075454767793
833.886435545823,116.64150082099148
834.329606770474,116.63266904041214
834.772749485974,116.62347824668824
835.215863692296,116.6142539185561
835.658949389413,116.60408481409988
836.102006577299,116.59341745200138
836.545035255926,116.58250463588803
836.988035425269,116.57129509030133
837.4310070853,116.56001983835927
837.873950235993,116.54737861659744
838.316864877321,116.53477855015811
838.759751009257,116.52166098798702
839.202608631776,116.50836427521762
839.64543774485,116.49453779147012
840.088238348452,116.48078991253576
840.531010442556,116.4661663973545
840.973754027135,116.45167247875374
841.416469102163,116.43772162451967
841.859155667613,116.42320911105979
842.301813723458,116.4093605925689
842.744443269671,116.39545593513934
843.187044306226,116.38201415392476
843.629616833097,116.36774070698446
844.072160850256,116.35426462833885
844.514676357677,116.34080394375415
844.957163355334,116.32773317318076
845.399621843198,116.31495654949005
845.842051821245,116.30172842644566
846.284453289447,116.28865796558837
846.726826247778,116.27446894421597
847.16917069621,116.26058948471078
847.611486634718,116.24653795952483
848.053774063275,116.23307083235751
848.496032981853,116.21955426763012
848.938263390427,116.20587598570475
849.380465288969,116.19075416579751
849.822638677453,116.17483550179254
850.264783555852,116.15932092141807
850.70689992414,116.14302548681921
851.148987782291,116.12750459410222
851.591047130276,116.11071385059287
852.03307796807,116.0938726127561
852.475080295646,116.07669302497997
852.917054112977,116.05969446012608
853.358999420037,116.04338820254799
853.800916216799,116.02701883412887
854.242804503236,116.00986657874132
854.684664279321,115.99145755057701
855.126495545029,115.97324779430808
855.568298300333,115.95441867044131
856.010072545204,115.9368969249801
856.451818279618,115.91870329775536
856.893535503547,115.90029586987686
857.335224216965,115.88147843668443
857.776884419845,115.8621861798776
858.21851611216,115.84249662597674
858.660119293884,115.82198806147262
859.10169396499,115.801306266387
859.543240125451,115.78025260872255
859.984757775241,115.75911291339742
860.426246914333,115.73784986854568
860.8677075427,115.71662736198125
861.309139660316,115.69520254333756
861.750543267154,115.67310935747864
862.191918363187,115.65057443417889
862.63326494839,115.62783350129979
863.074583022734,115.60571273974426
863.515872586194,115.58345105936803
863.957133638742,115.56102672437008
864.398366180352,115.53826948009808
864.839570210998,115.51597086925102
865.280745730653,115.49368114943371
865.721892739289,115.47180348568456
866.163011236881,115.44986638354762
866.604101223402,115.42810692428188
867.045162698825,115.4056194937368
867.486195663123,115.38364558615946
867.92720011627,115.36150771520796
868.36817605824,115.33926778495602
868.809123489004,115.31781361699392
869.250042408537,115.29559637566064
869.690932816813,115.27310375086037
870.131794713804,115.25035521856807
870.572628099484,115.22813536425546
871.013432973825,115.20564095228455
871.454209336803,115.18280861409549
871.894957188389,115.15972044291641
872.335676528557,115.13676410161236
872.776367357281,115.114035042996
873.217029674533,115.09077828009845
873.657663480288,115.06888486710241
874.098268774518,115.04617357694391
874.538845557197,115.02391133755856
874.979393828298,115.00106871019152
875.419913587795,114.97838741309488
875.86040483566,114.95576092680552
876.300867571867,114.93409560142352
876.741301796391,114.91303464944737
877.181707509203,114.89148918024061
877.622084710277,114.87007158180114
878.062433399586,114.84868147738821
878.502753577105,114.82827712280445
878.943045242805,114.80672285372947
879.383308396661,114.78531979475002
879.823543038646,114.76394348237615
880.263749168734,114.74190674962094
880.703926786896,114.71976978780557
881.144075893108,114.69733632905208
881.584196487342,114.67609190050904
882.024288569571,114.65408962160474
882.464352139769,114.63255689851515
882.90438719791,114.60951776729993
883.344393743966,114.58646092689425
883.784371777911,114.56335702744822
884.224321299718,114.54010874239712
884.664242309361,114.5172056697561
885.104134806812,114.49397472488823
885.543998792046,114.47098596094516
885.983834265036,114.44717747571039
886.423641225754,114.4230175782641
886.863419674175,114.39827082105002
887.303169610271,114.37382351992576
887.742891034016,114.34899596960155
888.182583945383,114.32387877305716
888.622248344346,114.29922438484776
889.061884230878,114.27468068365086
889.501491604952,114.25027838397776
889.941070466542,114.22550288803589
890.380620815621,114.20138233951242
890.820142652162,114.177175460409
891.259635976139,114.15334152956763
891.699100787524,114.12920487717761
892.138537086292,114.10589050131546
892.577944872416,114.08288112013042
893.017324145868,114.06020985614116
893.456674906623,114.03822052452647
893.895997154654,114.01753380262458
894.335290889933,113.99700919874057
894.774556112435,113.9760449594226
895.213792822132,113.95513730541482
895.653001018999,113.93435650609193
896.092180703007,113.9141078108364
896.531331874132,113.8932961831386
896.970454532345,113.87205527346701
897.409548677621,113.85052796416414
897.848614309932,113.82823665648763
898.287651429253,113.80642429799067
898.726660035556,113.78377886589179
899.165640128814,113.76034131720928
899.604591709001,113.73624694676305
900.043514776091,113.71208973200149
900.482409330057,113.68600427385653
900.921275370871,113.6603134928202
901.360112898509,113.63403918097424
901.798921912941,113.6080977442216
902.237702414143,113.58131351481315
902.676454402087,113.5547576937186
903.115177876747,113.52831189304047
903.553872838096,113.50170709324243
903.992539286107,113.47533076644298
904.431177220754,113.44885005747715
904.86978664201,113.42194867581892
905.308367549848,113.39461984563073
905.746919944243,113.36843328933217
906.185443825166,113.34205914031831
906.623939192592,113.3152945449689
907.062406046493,113.2889269316514
907.500844386844,113.26242938892565
907.939254213617,113.23652371366087
908.377635526786,113.20953588575128
908.815988326323,113.18299892325147
909.254312612204,113.15547329855782
909.6926083844,113.12846594781224
910.130875642885,113.10115486695344
910.569114387633,113.07388873617998
911.007324618616,113.04692179981821
911.445506335808,113.02039694211743
911.883659539184,112.99434580190113
912.321784228714,112.9685869109263
912.759880404374,112.94382768038659
913.197948066137,112.91883156297571
913.635987213975,112.8944423818383
914.073997847862,112.86953365236359
914.511979967772,112.84472761522397
914.949933573678,112.8195712079655
915.387858665552,112.7942660354735
915.82575524337,112.76865485403935
916.263623307103,112.7419165127545
916.701462856725,112.71419252975868
917.13927389221,112.68422525170048
917.577056413531,112.65314228345022
918.014810420661,112.61808911954311
918.452535913573,112.58054313189403
918.890232892241,112.53808631112778
919.327901356638,112.49178488660591
919.765541306738,112.44154467097322
920.203152742514,112.38648909766461
920.640735663939,112.3269419417918
921.078290070986,112.26348030784762
921.51581596363,112.19770550200256
921.953313341843,112.12804690680875
922.390782205598,112.0550140908706
922.828222554868,111.9794540054008
923.265634389629,111.90293073349602
923.703017709852,111.82514057402038
924.14037251551,111.74632812402595
924.577698806578,111.66794627296525
925.014996583029,111.58983803893773
925.452265844835,111.51408191507423
925.889506591971,111.43918782918435
926.326718824409,111.36538138623023
926.763902542123,111.2919549679689
927.201057745086,111.22060475597536
927.638184433273,111.14874382031171
928.075282606654,111.0770138968827
928.512352265205,111.00506056725212
928.949393408899,110.93460366385101
929.386406037709,110.86421778054007
929.823390151608,110.79255361871061
930.26034575057,110.72091233744835
930.697272834567,110.64746464930927
931.134171403574,110.57425417317243
931.571041457564,110.49946542166906
932.007882996509,110.42368069517775
932.444696020384,110.34694314341853
932.881480529161,110.2707091730464
933.318236522814,110.19469885064116
933.754964001317,110.11870230110283
934.191662964642,110.04444141033999
934.628333412764,109.97102858524174
935.064975345654,109.8997944656291
935.501588763287,109.82881666507053
935.938173665637,109.7597881320186
936.374730052675,109.6933523188995
936.811257924377,109.63018509659855
937.247757280714,109.569904583051
937.68422812166,109.51277742691379
938.12067044719,109.4582714780343
938.557084257275,109.4057222198638
938.993469551889,109.35610560081483
939.429826331007,109.30824577994916
939.8661545946,109.26468001291069
940.302454342643,109.22293236833316
940.738725575108,109.18402601425878
941.17496829197,109.146520955923
941.611182493201,109.11120810588143
942.047368178774,109.07794865302282
942.483525348664,109.04736270432447
942.919654002843,109.01860041048899
943.355754141284,108.9916070755804
943.791825763962,108.96841706620724
944.227868870849,108.94676229175337
944.663883461919,108.93029444898761
945.099869537145,108.91807112695521
945.5358270965,108.9110275065087
945.971756139959,108.90896877964835
946.407656667493,108.91126479092463
946.843528679076,108.91848034698435
947.279372174683,108.93010171891947
947.715187154285,108.94709645977002
948.150973617857,108.96742889382918
948.586731565372,108.99248027909832
949.022460996803,109.02032529718316
949.458161912123,109.0513718923044
949.893834311306,109.08334787014091
950.329478194325,109.11680326722002
950.765093561153,109.15112252851361
951.200680411765,109.18563394294266
951.636238746132,109.21978859822681
952.071768564229,109.2525395448895
952.507269866029,109.28504718102907
952.942742651505,109.31650961485057
953.37818692063,109.34880424355475
953.813602673378,109.38046557996823
954.248989909722,109.41236923993232
954.684348629636,109.4438638952029
955.119678833093,109.47520698801236
955.554980520065,109.5064384700674
955.990253690528,109.53753137396866
956.425498344453,109.57135533203949
956.860714481814,109.60527147556242
957.295902102585,109.64154916898197
957.731061206738,109.6773874544398
958.166191794248,109.71469748065465
958.601293865087,109.75261836948698
959.03636741923,109.79126106904819
959.471412456648,109.82897436396385
959.906428977316,109.86671496324014
960.341416981206,109.90353408020833
960.776376468294,109.93931854180354
961.21130743855,109.97496300936305
961.646209891949,110.00918833069011
962.081083828465,110.0427749616682
962.51592924807,110.07498502888527
962.950746150738,110.10429521132593
963.385534536442,110.13040036006177
963.820294405156,110.15391629240311
964.255025756852,110.17520412420494
964.689728591505,110.19406241890894
965.124402909088,110.21210926799283
965.559048709573,110.22723630978784
965.993665992935,110.2416238917508
966.428254759146,110.25168052546388
966.86281500818,110.26170537962926
967.297346740011,110.26926930345327
967.731849954611,110.27648840041037
968.166324651954,110.282560831523
968.600770832013,110.28761289417706
969.035188494762,110.29146261547125
969.469577640173,110.29498790386394
969.903938268221,110.29817041858155
970.338270378879,110.29969767033376
970.77257397212,110.30075645374454
971.206849047916,110.30018101165189
971.641095606243,110.29759696552728
972.075313647072,110.29414785694897
972.509503170378,110.28909163695032
972.943664176133,110.28377802615762
973.377796664312,110.27657679222484
973.811900634887,110.26908167008432
974.245976087831,110.25932709653698
974.680023023118,110.24924010989065
975.114041440722,110.23731409319701
975.548031340615,110.22517306973353
975.981992722771,110.21188068261223
976.415925587164,110.19959431114434
976.849829933766,110.18708138111917
977.283705762552,110.17516377571442
977.717553073493,110.16285617199836
978.151371866565,110.15036369780843
978.585162141739,110.13792598907901
979.01892389899,110.12551371865467
979.45265713829,110.11395976718686
979.886361859613,110.11395976718688
980.320038062933,110.11395976718688
980.753685748223,110.11395976718688
981.187304915455,110.11395976718688
981.620895564604,110.11395976718688
982.054457695643,110.11395976718688
982.487991308545,110.11395976718688
982.921496403283,110.11395976718688
983.35497297983,110.11395976718688
983.788421038161,110.11395976718688
984.221840578248,110.11395976718688
984.655231600065,110.11395976718688
985.088594103585,110.11395976718688
985.521928088782,110.11395976718688
985.955233555628,110.11395976718688
986.388510504097,110.11395976718688
986.821758934163,110.11395976718688
987.254978845799,110.11395976718688
987.688170238977,110.11395976718688
988.121333113672,110.11395976718688
988.554467469857,110.11395976718688
988.987573307505,110.11395976718688
989.420650626589,110.11395976718688
989.853699427083,110.11395976718688
990.286719708961,110.11395976718688
990.719711472194,110.11395976718688
991.152674716758,110.11395976718688
991.585609442624,110.11395976718688
992.018515649767,110.11395976718688
992.45139333816,110.11395976718688
