测试时间:,20230311 16:56:10
波长(nm)/时间(s),482.112
392.000810873497,18.626382448712288
392.471537968622,18.626382448712288
392.942236580378,18.626382448712288
393.412906708739,18.626382448712288
393.883548353679,18.626382448712288
394.35416151517,18.626382448712288
394.824746193186,18.626382448712288
395.295302387701,18.626382448712288
395.765830098687,18.626382448712288
396.236329326118,18.626382448712288
396.706800069967,18.626382448712288
397.177242330209,18.626382448712288
397.647656106815,18.626382448712288
398.118041399759,18.626382448712288
398.588398209015,18.626382448712288
399.058726534556,18.626382448712288
399.529026376356,18.626382448712288
399.999297734387,18.626382448712288
400.469540608623,18.626382448712288
400.939754999037,18.626382448712288
401.409940905604,18.626382448712288
401.880098328295,18.626382448712288
402.350227267084,18.626382448712288
402.820327721946,18.626382448712288
403.290399692852,18.626382448712288
403.760443179777,18.626382448712288
404.230458182693,18.626382448712288
404.700444701575,18.626382448712288
405.170402736395,18.626382448712288
405.640332287126,18.626382448712288
406.110233353743,18.626382448712278
406.580105936218,18.50728724412498
407.049950034525,18.394719158876807
407.519765648636,18.286369336207507
407.989552778527,18.185198756567807
408.459311424169,18.093108875921924
408.929041585536,18.006565411484672
409.398743262601,17.92652474717032
409.868416455339,17.851814576688014
410.338061163721,17.780611666330543
410.807677387722,17.711614839799832
411.277265127314,17.643841518133453
411.746824382472,17.577953930440877
412.216355153168,17.511651022681633
412.685857439376,17.445792613145315
413.155331241069,17.380915099140985
413.624776558221,17.31731210978818
414.094193390804,17.257431041634998
414.563581738792,17.202091269076007
415.032941602159,17.15143582589989
415.502272980878,17.103403381115907
415.971575874921,17.060392243597573
416.440850284264,17.021019844001792
416.910096208878,16.985965715657535
417.379313648737,16.955349039985766
417.848502603815,16.92929140333161
418.317663074084,16.907032934924967
418.786795059519,16.88957032765019
419.255898560092,16.877335049070712
419.724973575777,16.869885935022648
420.194020106547,16.86718565807809
420.663038152376,16.870326186498872
421.132027713237,16.878391632915484
421.600988789102,16.89058971775347
422.069921379947,16.907283182593833
422.538825485743,16.928757653028462
423.007701106464,16.955571537962907
423.476548242084,16.987428512078377
423.945366892576,17.02360610847682
424.414157057913,17.064492760616517
424.882918738068,17.110390892102025
425.351651933015,17.161609572495898
425.820356642728,17.21632073389855
426.289032867179,17.275779148907077
426.757680606342,17.339323203082927
427.22629986019,17.407932675685466
427.694890628697,17.4801631244683
428.163452911836,17.55657761011954
428.631986709579,17.638055088549415
429.100492021902,17.724177873799718
429.568968848776,17.814916134513755
430.037417190176,17.910430156665466
430.505837046074,18.010462367241892
430.974228416444,18.115343694048924
431.44259130126,18.224485873488586
431.910925700494,18.33740311099624
432.37923161412,18.454259742171345
432.847509042111,18.576153651215876
433.315757984441,18.70189854714989
433.783978441083,18.832318452003832
434.25217041201,18.966773814314614
434.720333897195,19.105786673732936
435.188468896613,19.249034956723058
435.656575410236,19.395924804612843
436.124653438037,19.547279641117097
436.592702979991,19.702347368328745
437.06072403607,19.861053142789817
437.528716606247,20.024448667476708
437.996680690496,20.191386317070435
438.464616288791,20.36250138206353
438.932523401105,20.537414258298064
439.40040202741,20.716176884652754
439.868252167681,20.898644744586303
440.33607382189,21.085058169487823
440.803866990011,21.274886691644646
441.271631672018,21.46827176125702
441.739367867883,21.664693625667788
442.207075577581,21.86456041989188
442.674754801084,22.067686812151273
443.142405538365,22.273694479273985
443.610027789398,22.48315306747407
444.077621554157,22.69615240867296
444.545186832615,22.91109876620267
445.012723624744,23.1286076912235
445.480231930519,23.34796582872857
445.947711749912,23.569499382968207
446.415163082898,23.792794407819525
446.882585929449,24.017424963918245
447.349980289539,24.242871175227492
447.817346163141,24.469264067770524
448.284683550228,24.69613084852932
448.751992450774,24.92372566118445
449.219272864752,25.151403877404785
449.686524792135,25.379533262492686
450.153748232897,25.607581842008543
450.620943187011,25.83586168654053
451.088109654451,26.06320223662187
451.555247635189,26.29012914633014
452.0223571292,26.51683062880353
452.489438136455,26.74306628787534
452.95649065693,26.968657967783532
453.423514690597,27.193245448873462
453.890510237429,27.416816873494273
454.3574772974,27.64020611228445
454.824415870483,27.862504412739032
455.291325956651,28.08400933702757
455.758207555878,28.304063747689437
456.225060668138,28.523147546167422
456.691885293403,28.741157960112414
457.158681431646,28.957934604384974
457.625449082842,29.17319731507905
458.092188246963,29.387001873386197
458.558898923983,29.599394891201378
459.025581113875,29.809885815076694
459.492234816613,30.01844511127289
459.958860032169,30.224930618735105
460.425456760518,30.42969412956714
460.892025001632,30.63236528358033
461.358564755485,30.832296215889606
461.82507602205,31.03022885913555
462.291558801301,31.225643168867002
462.75801309321,31.419089397125344
463.224438897752,31.6095567132557
463.690836214899,31.79738781243462
464.157205044625,31.982632801275425
464.623545386903,32.16466231654999
465.089857241706,32.34367811201593
465.556140609009,32.51954944266875
466.022395488784,32.69208714339111
466.488621881004,32.86163443958755
466.954819785643,33.027649506397
467.420989202674,33.19016689659827
467.887130132071,33.34895967096482
468.353242573807,33.50404743469872
468.819326527855,33.65477866777424
469.285381994188,33.801480620878614
469.751408972781,33.94416175332658
470.217407463605,34.08309027487852
470.683377466635,34.21758949922835
471.149318981844,34.347735568671
471.615232009206,34.47315030428938
472.081116548693,34.59383427495455
472.546972600278,34.70919380185676
473.012800163937,34.81976028205083
473.47859923964,34.92530043406549
473.944369827363,35.02598023451835
474.410111927078,35.12195308450067
474.875825538758,35.21330390137543
475.341510662377,35.300463288992205
475.807167297909,35.383153759997356
476.272795445326,35.461043287825646
476.738395104603,35.53396464912926
477.203966275711,35.60187440417202
477.669508958625,35.664925332871256
478.135023153318,35.72299295967816
478.600508859764,35.77699299256286
479.065966077935,35.82651488144098
479.531394807805,35.87240251214021
479.996795049347,35.91438037591881
480.462166802535,35.95228254584977
480.927510067342,35.98648405856511
481.392824843741,36.016790126059156
481.858111131706,36.043307954122874
482.32336893121,36.06560328597848
482.788598242226,36.08420757073151
483.253799064728,36.099283315582326
483.718971398688,36.11126794151065
484.184115244082,36.12037982765123
484.64923060088,36.12653612932743
485.114317469058,36.1296290010143
485.579375848588,36.12964384949626
486.044405739444,36.12702219764555
486.509407141599,36.12151378001984
486.974380055027,36.1132340893294
487.439324479699,36.1023406607434
487.904240415591,36.08860203239495
488.369127862676,36.07240356324757
488.833986820926,36.05376659957103
489.298817290315,36.03279162374642
489.763619270817,36.009731853234115
490.228392762404,35.984774284503814
490.69313776505,35.957660186722464
491.157854278729,35.928175535169544
491.622542303413,35.897016304801674
492.087201839077,35.864149308464874
492.551832885693,35.82988513676123
493.016435443234,35.794495253961415
493.481009511675,35.75784283008132
493.945555090988,35.71990124773919
494.410072181147,35.68101840037534
494.874560782125,35.641363686099595
495.339020893895,35.60054412607502
495.803452516431,35.558906577622075
496.267855649707,35.51681490209313
496.732230293694,35.47389553651813
497.196576448368,35.43055428401979
497.6608941137,35.38665367271771
498.125183289665,35.34247203321358
498.589443976236,35.29800109511133
499.053676173386,35.25339454075785
499.517879881088,35.208653507200296
499.982055099316,35.164016159200976
500.446201828044,35.11942515419514
500.910320067244,35.07519372397267
501.374409816889,35.03090687866966
501.838471076954,34.98650107221426
502.302503847411,34.94242451401219
502.766508128234,34.89843911729516
503.230483919396,34.85427038919263
503.694431220871,34.81000284576585
504.158350032631,34.76588670954586
504.622240354651,34.722095156972
505.086102186903,34.67872170776674
505.549935529361,34.63571088547956
506.013740381998,34.5932686142397
506.477516744788,34.55132197519896
506.941264617704,34.50943347490788
507.404984000718,34.46803571569233
507.868674893805,34.42652880577837
508.332337296939,34.38536141270911
508.795971210091,34.344686753226036
509.259576633236,34.30436732560333
509.723153566346,34.2646700222582
510.186702009396,34.2258825316446
510.650221962359,34.18845739339468
511.113713425207,34.15148466685969
511.577176397915,34.11494952884436
512.040610880455,34.07875884508122
512.504016872801,34.0428261001808
512.967394374926,34.00702082263079
513.430743386804,33.97136318389175
513.894063908408,33.9358859710901
514.357355939711,33.90042188826514
514.820619480686,33.86536417098826
515.283854531308,33.830535591032316
515.747061091548,33.7959432951634
516.210239161382,33.761753481314884
516.673388740781,33.72734375043579
517.136509829719,33.692554499464975
517.59960242817,33.657318705629045
518.062666536107,33.62175314265137
518.525702153504,33.585934441673274
518.988709280333,33.55031976874104
519.451687916567,33.51480789733119
519.914638062182,33.47919500332244
520.377559717148,33.44345485108443
520.840452881441,33.40766788099329
521.303317555033,33.371527566536486
521.766153737898,33.335206535033635
522.228961430008,33.298773590898335
522.691740631338,33.26200437645322
523.154491341861,33.2246373498089
523.61721356155,33.18713324084407
524.079907290377,33.14958533163207
524.542572528318,33.11150311904129
525.005209275344,33.07311701885894
525.46781753143,33.034065736398304
525.930397296549,32.9942573762426
526.392948570673,32.95350514944569
526.855471353777,32.911898997236875
527.317965645834,32.8693655384355
527.780431446816,32.82565132647741
528.242868756698,32.78087923630509
528.705277575453,32.735018058370656
529.167657903054,32.68817897894515
529.630009739474,32.6405235077273
530.092333084686,32.59207614981053
530.554627938665,32.54262234535512
531.016894301383,32.49210742352508
531.479132172814,32.440832304028326
531.941341552931,32.38865258478819
532.403522441707,32.33556072532917
532.865674839116,32.2815223640232
533.327798745131,32.22669123119791
533.789894159725,32.171129808231946
534.251961082872,32.11495364296088
534.713999514546,32.05833986576261
535.176009454718,32.00140317975104
535.637990903364,31.94371512433063
536.099943860455,31.885465972957057
536.561868325966,31.826544843425673
537.02376429987,31.766811610132294
537.485631782139,31.705971920138033
537.947470772748,31.643999042182575
538.40928127167,31.581078839103238
538.871063278878,31.517173103211753
539.332816794346,31.452649525998396
539.794541818046,31.3873851411161
540.256238349952,31.321614870579157
540.717906390038,31.255206914952925
541.179545938277,31.188004744404523
541.641156994641,31.119866387941308
542.102739559105,31.050699320021145
542.564293631642,30.980732225056226
543.025819212225,30.909497681307293
543.487316300828,30.83714706137298
543.948784897423,30.763991872435444
544.410225001985,30.69051401492461
544.871636614486,30.61674496470809
545.333019734899,30.54255830953988
545.7943743632,30.468155168082635
546.255700499359,30.393549401708835
546.716998143351,30.318504043055704
547.17826729515,30.242683087688896
547.639507954728,30.166385492632056
548.100720122059,30.08968858344266
548.561903797116,30.01252360940064
549.023058979872,29.93494546221166
549.484185670301,29.85745834225395
549.945283868377,29.780110438330254
550.406353574072,29.702646288743058
550.86739478736,29.6248934581306
551.328407508214,29.547108922141273
551.789391736608,29.469295386980566
552.250347472514,29.391060502435764
552.711274715907,29.312639538524756
553.172173466759,29.23407499100363
553.633043725044,29.1555533155448
554.093885490736,29.076656456476428
554.554698763807,28.997450817673034
555.015483544231,28.918349945864932
555.476239831981,28.839628110018346
555.93696762703,28.761144204290165
556.397666929353,28.682678831086363
556.858337738922,28.60459934076511
557.31898005571,28.526916992154547
557.779593879691,28.449674961381834
558.240179210839,28.37252409189723
558.700736049126,28.295634434828614
559.161264394526,28.219514599620812
559.621764247012,28.14395343747783
560.082235606559,28.068740231319456
560.542678473137,27.99407728360667
561.003092846723,27.920692986897127
561.463478727287,27.848246671232733
561.923836114805,27.77619964750161
562.384165009249,27.704396308338318
562.844465410593,27.633298904495575
563.30473731881,27.562845967582337
563.764980733872,27.492759317661694
564.225195655755,27.422974399577466
564.68538208443,27.353659858534094
565.145540019872,27.285287872141264
565.605669462054,27.217841605546575
566.065770410948,27.151042133019562
566.525842866529,27.08491122655234
566.985886828769,27.019839534033817
567.445902297643,26.955647931050017
567.905889273123,26.892161402329897
568.365847755182,26.82935625512256
568.825777743794,26.767881001558777
569.285679238933,26.708043454195728
569.745552240572,26.649674038641553
570.205396748683,26.59272456202774
570.665212763241,26.537354344115524
571.125000284219,26.484129097612932
571.584759311589,26.432823886512505
572.044489845326,26.38295297077366
572.504191885403,26.33443284633508
572.963865431792,26.28775986577333
573.423510484468,26.242900429883132
573.883127043404,26.199468542476144
574.342715108573,26.157574710542516
574.802274679948,26.117617372716772
575.261805757503,26.079918010212225
575.721308341211,26.043734818316686
576.180782431045,26.00903698023517
576.640228026979,25.976127438473007
577.099645128986,25.945339490002723
577.55903373704,25.91627746579481
578.018393851113,25.888647635851665
578.47772547118,25.86291900292432
578.937028597213,25.839737766960404
579.396303229185,25.819023219141105
579.855549367071,25.80045346775185
580.314767010843,25.7840715504582
580.773956160475,25.770115480990818
581.23311681594,25.758960335342543
581.692248977211,25.750633268998108
582.151352644262,25.745321540325797
582.610427817067,25.743125966680815
583.069474495598,25.743765070096615
583.528492679828,25.746897245808295
583.987482369732,25.75242844196326
584.446443565282,25.76075328891977
584.905376266452,25.771898319809026
585.364280473215,25.785876214870026
585.823156185544,25.802407080974437
586.282003403414,25.821732097783265
586.740822126796,25.843749154806194
587.199612355665,25.86857193957625
587.658374089994,25.896380569107077
588.117107329756,25.92704960601725
588.575812074924,25.96017731625502
589.034488325473,25.995378237459835
589.493136081374,26.033340184399812
589.951755342602,26.074646669254093
590.41034610913,26.11965727418715
590.868908380931,26.168061970306294
591.327442157979,26.219933056720425
591.785947440246,26.275798185918095
592.244424227706,26.335677513554504
592.702872520334,26.399334494748956
593.161292318101,26.46670208676247
593.619683620981,26.538236173419907
594.078046428947,26.614361410539797
594.536380741974,26.694934010288055
594.994686560034,26.779395881911544
595.4529638831,26.86799777817045
595.911212711146,26.961213930164597
596.369433044146,27.05901282519478
596.827624882072,27.160938515886457
597.285788224898,27.266952739536055
597.743923072597,27.377545540526878
598.202029425143,27.49310533093338
598.660107282508,27.613737502865543
599.118156644667,27.739378875971724
599.576177511593,27.87029703639391
600.034169883258,28.006555780235026
600.492133759636,28.148209925813624
600.950069140702,28.295209216966885
601.407976026427,28.447971181858687
601.865854416786,28.607183362712
602.32370431175,28.773182592751095
602.781525711295,28.945989065706367
603.239318615394,29.12557979764533
603.697083024019,29.312383482698714
604.154818937143,29.506354016023316
604.612526354742,29.70734499531992
605.070205276786,29.91489816626176
605.527855703251,30.12882591350292
605.985477634109,30.349235540709614
606.443071069334,30.57580268054768
606.900636008898,30.808163400500266
607.358172452776,31.04633626075094
607.815680400941,31.290309802116127
608.273159853365,31.54014932560791
608.730610810023,31.795432911968238
609.188033270888,32.055470828603056
609.645427235932,32.31984689209379
610.10279270513,32.58857327513274
610.560129678455,32.8614234219455
611.017438155879,33.13804206409223
611.474718137377,33.418063560495405
611.931969622922,33.70171319985183
612.389192612486,33.988579399754336
612.846387106044,34.27802304904969
613.303553103569,34.56952426496316
613.760690605034,34.86312125091929
614.217799610412,35.15857430317451
614.674880119677,35.45559162081357
615.131932132801,35.7533734533804
615.58895564976,36.051274539093455
616.045950670524,36.349108293559624
616.502917195069,36.647029204432314
616.959855223368,36.94477060084029
617.416764755393,37.24156203032294
617.873645791118,37.537076983920635
618.330498330517,37.83128898199375
618.787322373562,38.12383676922367
619.244117920227,38.41439430745634
619.700884970486,38.70249503454379
620.157623524311,38.98843375380582
620.614333581677,39.27168573439758
621.071015142556,39.55146876075578
621.527668206922,39.827301480730114
621.984292774747,40.09903160711154
622.440888846007,40.36687855640155
622.897456420673,40.63090538486309
623.353995498719,40.89062712219498
623.810506080119,41.14533695101547
624.266988164845,41.39482388809243
624.723441752871,41.63885115201794
625.179866844172,41.876770548731706
625.636263438718,42.10807779685066
626.092631536485,42.33231515021629
626.548971137445,42.549522106578145
627.005282241573,42.75955719075048
627.46156484884,42.96290652981836
627.917818959221,43.15981665236504
628.374044572688,43.34981105113942
628.830241689216,43.532171569703955
629.286410308777,43.70648610663272
629.742550431345,43.87249102939736
630.198662056893,44.02966503307008
630.654745185395,44.17750771221629
631.110799816824,44.315919684333736
631.566825951152,44.445203534404165
632.022823588354,44.56592998057564
632.478792728404,44.678342820412304
632.934733371273,44.78276013892041
633.390645516936,44.879313424332906
633.846529165365,44.9677762915804
634.302384316535,45.04814662549672
634.758210970418,45.12005238251388
635.214009126988,45.18323074933804
635.669778786219,45.23808715165647
636.125519948083,45.284661834605146
636.581232612554,45.32311472634479
637.036916779605,45.353608821473976
637.492572449209,45.37647758659671
637.948199621341,45.391796927870445
638.403798295973,45.39955107688649
638.859368473078,45.39976606479231
639.31491015263,45.39278145448308
639.770423334602,45.378673954443165
640.225908018969,45.35785977826071
640.681364205701,45.33092687457507
641.136791894774,45.2980442451734
641.592191086161,45.259767291975514
642.047561779835,45.216702511484385
642.502903975769,45.168874841213515
642.958217673936,45.116560996022436
643.413502874311,45.059997016482995
643.868759576866,44.999797793123456
644.323987781574,44.93649513975704
644.779187488409,44.87083111175547
645.234358697345,44.80354822237304
645.689501408354,44.734640144970655
646.14461562141,44.663319503805326
646.599701336486,44.58959840577502
647.054758553557,44.51373274601002
647.509787272594,44.43631428449909
647.964787493571,44.35701018373345
648.419759216462,44.27581714645536
648.87470244124,44.1929628192586
649.329617167878,44.108868911495264
649.78450339635,44.02395533340976
650.239361126629,43.93831989812869
650.694190358688,43.85203024940716
651.148991092501,43.765199560249926
651.603763328041,43.67790468493559
652.058507065281,43.59035032931323
652.513222304195,43.50324556027921
652.967909044756,43.41735645673372
653.422567286937,43.33240904426075
653.877197030712,43.24790936391514
654.331798276054,43.16325498385639
654.786371022936,43.07900031285209
655.240915271332,42.99518802610972
655.695431021216,42.91189637512437
656.149918272559,42.82903440447332
656.604377025336,42.746396976666624
657.05880727952,42.66394959545146
657.513209035085,42.58196205500758
657.967582292003,42.500851445146104
658.421927050248,42.420690881114176
658.876243309794,42.34079109910205
659.330531070613,42.260360757187485
659.78479033268,42.179484864671046
660.239021095967,42.09886438791064
660.693223360448,42.01876151716075
661.147397126095,41.93897266297202
661.601542392883,41.85879276193251
662.055659160785,41.777825112996716
662.509747429774,41.69650504441534
662.963807199824,41.61588127355884
663.417838470907,41.53635349848518
663.871841242997,41.45807753394917
664.325815516068,41.38028550667342
664.779761290092,41.30283859394363
665.233678565044,41.226246242097886
665.687567340896,41.15112084789116
666.141427617622,41.07788387476329
666.595259395194,41.0060621453176
667.049062673588,40.93503608948939
667.502837452775,40.864640819440545
667.956583732729,40.79532209373732
668.410301513424,40.72782525389162
668.863990794833,40.662641031386705
669.317651576928,40.59909610869157
669.771283859684,40.53593762206093
670.224887643075,40.473048488150816
670.678462927072,40.4108246137489
671.132009711649,40.35053011087148
671.585527996781,40.292285742461566
672.039017782439,40.23499530328107
672.492479068599,40.17738671427323
672.945911855232,40.11870582318584
673.399316142312,40.0594474129092
673.852691929812,40.000676743434006
674.306039217707,39.942874849788396
674.759358005969,39.88539781230563
675.212648294571,39.827034947900785
675.665910083487,39.76761837721225
676.11914337269,39.70812594029286
676.572348162154,39.649859496232935
677.025524451852,39.592716927711905
677.478672241757,39.53562333935428
677.931791531842,39.47733355119082
678.384882322081,39.417398389298974
678.837944612448,39.35630616763198
679.290978402915,39.29518401191184
679.743983693456,39.23471484297172
680.196960484044,39.17438465415083
680.649908774653,39.113566312295646
681.102828565255,39.05223133196623
681.555719855825,38.99110107966094
682.008582646336,38.93133073035946
682.46141693676,38.87309713733721
682.914222727072,38.81553051070837
683.367000017244,38.75738328065078
683.81974880725,38.69828062262872
684.272469097064,38.63883137297793
684.725160886658,38.5795571958381
685.177824176006,38.52088854147276
685.630458965081,38.46317584533332
686.083065253857,38.40612975041674
686.535643042307,38.34951575233111
686.988192330404,38.29351811099358
687.440713118121,38.237928198183425
687.893205405433,38.18235142087082
688.345669192312,38.12658670536934
688.798104478732,38.07056223456423
689.250511264665,38.01461089217192
689.702889550086,37.958961775396084
690.155239334968,37.90405308948591
690.607560619283,37.85010533829998
691.059853403006,37.797292348751945
691.512117686109,37.7457267533597
691.964353468567,37.69507551808791
692.416560750352,37.64407869093351
692.868739531437,37.59161288488082
693.320889811797,37.53761992655687
693.773011591403,37.48295799280285
694.225104870231,37.42861474896549
694.677169648252,37.375108926146176
695.129205925441,37.32222106559333
695.58121370177,37.26900663133023
696.033192977214,37.214733702515616
696.485143751745,37.15986371852214
696.937066025336,37.10522883131024
697.388959797962,37.051693554734314
697.840825069595,36.99898339804728
698.292661840209,36.945858138711834
698.744470109776,36.89123602505209
699.196249878272,36.835766149837504
699.648001145667,36.781338362656975
700.099723911937,36.72890154545295
700.551418177055,36.67800453308165
701.003083940993,36.627333226154846
701.454721203725,36.57553437946986
701.906329965224,36.522236394506564
702.357910225465,36.468665397007015
702.809461984419,36.41629193439017
703.260985242061,36.36555501673693
703.712479998363,36.315387060336114
704.1639462533,36.26402921071995
704.615384006844,36.21110470922422
705.066793258968,36.157895873753226
705.518174009647,36.105999170226795
705.969526258854,36.05607000487718
706.420850006561,36.00733543947169
706.872145252742,35.95853751485397
707.323411997371,35.90834525645944
707.77465024042,35.85688997065877
708.225859981863,35.805449001835974
708.677041221674,35.755313640278175
709.128193959826,35.70688827698471
709.579318196292,35.659208598140474
710.030413931046,35.610558608003956
710.48148116406,35.56032887621919
710.932519895308,35.50948307337702
711.383530124764,35.459068666999016
711.834511852401,35.40963480628229
712.285465078191,35.361232901893736
712.73638980211,35.313104690049165
713.187286024129,35.26430525554313
713.638153744222,35.2147509395805
714.088992962363,35.16536673228191
714.539803678525,35.116944101146714
714.990585892681,35.06934503448015
715.441339604804,35.02191173935448
715.892064814868,34.973895713926765
716.342761522846,34.92505827218238
716.793429728712,34.87586572743842
717.244069432439,34.82706198034039
717.694680634,34.77878949627788
718.145263333368,34.73070650598109
718.595817530518,34.6818977386294
719.046343225421,34.63141990557236
719.496840418052,34.57951956913027
719.947309108384,34.52749825879081
720.397749296391,34.47639489067324
720.848160982045,34.426364989970324
721.298544165319,34.37689469595846
721.748898846188,34.327941863091155
722.199225024625,34.279316204633
722.649522700602,34.23058267365184
723.099791874093,34.18168915102337
723.550032545073,34.13268508314268
724.000244713513,34.083475122808
724.450428379387,34.033921071753355
724.900583542669,33.98376202545989
725.350710203332,33.933304465367804
725.800808361349,33.88339916135933
726.250878016694,33.8343317168922
726.70091916934,33.78531451404959
727.15093181926,33.73542433401713
727.600915966427,33.68462061833559
728.050871610816,33.633554418039175
728.500798752398,33.582621304912365
728.950697391149,33.53214905367009
729.40056752704,33.48213522890403
729.850409160046,33.43238070219778
730.300222290139,33.382568431386204
730.750006917294,33.33250039182498
731.199763041482,33.28256218826068
731.649490662678,33.233295326103054
732.099189780856,33.18462843644742
732.548860395987,33.13563817365384
732.998502508047,33.085592321420414
733.448116117007,33.034785203021414
733.897701222841,32.984209638142914
734.347257825523,32.934426728098934
734.796785925027,32.885596462126216
735.246285521324,32.83722001566317
735.695756614389,32.78856002366313
736.145199204196,32.739091411824326
736.594613290716,32.688132794474924
737.043998873925,32.63601037496423
737.493355953794,32.5839123627624
737.942684530298,32.53275813184319
738.391984603409,32.48267227175362
738.841256173101,32.433663183119
739.290499239348,32.38559232654306
739.739713802123,32.33838413270219
740.188899861398,32.29177285495887
740.638057417148,32.24543524154798
741.087186469346,32.19946923962007
741.536287017964,32.153783666092956
741.985359062978,32.10820824925749
742.434402604358,32.062633336845835
742.88341764208,32.01719749019978
743.332404176116,31.972480934901903
743.781362206441,31.928945670767874
744.230291733026,31.88661194982046
744.679192755845,31.844836909922655
745.128065274873,31.80277241194841
745.576909290081,31.759446095139634
746.025724801444,31.715025145015893
746.474511808934,31.670233723577912
746.923270312526,31.625787504638993
747.372000312192,31.581980783450557
747.820701807906,31.538640830458892
748.269374799641,31.495269983223988
748.718019287371,31.451312245804786
749.166635271068,31.406420003456873
749.615222750706,31.361037874292006
750.063781726259,31.31614741634923
750.5123121977,31.272348528917526
750.960814165002,31.22953742873481
751.409287628138,31.186914248630693
751.857732587082,31.144087565519964
752.306149041807,31.1012538382172
752.754536992287,31.058461694337765
753.202896438494,31.015524808110296
753.651227380403,30.972321412584826
754.099529817986,30.92895387845007
754.547803751217,30.885037577128124
754.996049180069,30.840190968020675
755.444266104516,30.794574407376928
755.892454524531,30.749231354904477
756.340614440086,30.70486771107223
756.788745851156,30.661435245781345
757.236848757714,30.61822868529171
757.684923159734,30.574455057354495
758.132969057188,30.5301596356814
758.580986450049,30.48555695631243
759.028975338292,30.441097957478423
759.476935721889,30.39720752210719
759.924867600815,30.35435941503299
760.372770975041,30.31261950844652
760.820645844542,30.271157541188202
761.268492209291,30.2295256936217
761.716310069261,30.187814424780488
762.164099424426,30.146631070365334
762.611860274758,30.106253120302945
763.059592620232,30.066567912857096
763.507296460821,30.027239103329006
763.954971796497,29.988198850115293
764.402618627234,29.94923061901565
764.850236953007,29.91013524895693
765.297826773787,29.871031789111868
765.745388089548,29.832101788350958
766.192920900264,29.79337437395091
766.640425205908,29.754415687670303
767.087901006453,29.71476405324837
767.535348301873,29.67454305988841
767.98276709214,29.63418984040427
768.430157377229,29.59373149990287
768.877519157113,29.553170617592478
769.324852431764,29.512273905874146
769.772157201157,29.470995595314342
770.219433465264,29.429475769209354
770.66668122406,29.38761607578218
771.113900477516,29.345461283257222
771.561091225607,29.303035397369722
772.008253468307,29.26052550668172
772.455387205587,29.218014544486305
772.902492437423,29.175674878312993
773.349569163786,29.133470594312406
773.79661738465,29.09141505408897
774.243637099989,29.04959210140474
774.690628309777,29.007835619899595
775.137591013985,28.96621715062748
775.584525212588,28.924838331735547
776.03143090556,28.88397503946647
776.478308092872,28.84377671000692
776.925156774499,28.80401136020592
777.371976950414,28.764554729449564
777.818768620591,28.72529843167247
778.265531785002,28.685947090183046
778.712266443622,28.646191185750425
779.158972596422,28.605926244873153
779.605650243378,28.565412951148744
780.052299384461,28.525206691480584
780.498920019646,28.485941793901617
780.945512148905,28.44797501188314
781.392075772213,28.411144253891543
781.838610889542,28.375205235188293
782.285117500866,28.339827919627893
782.731595606157,28.304473072932186
783.178045205391,28.26853559990389
783.624466298538,28.23201239823682
784.070858885574,28.195116018859263
784.517222966472,28.157988599102545
784.963558541204,28.121244967252018
785.409865609744,28.085345248206988
785.856144172065,28.05067872183492
786.302394228142,28.017063519079528
786.748615777946,27.984295393382954
787.194808821452,27.951917993669827
787.640973358633,27.91958075240932
788.087109389461,27.88752473404898
788.533216913912,27.85563653291774
788.979295931957,27.823614102505953
789.42534644357,27.791162188134848
789.871368448724,27.758432235101054
790.317361947394,27.725761462525416
790.763326939551,27.693447677677067
791.20926342517,27.66176315602875
791.655171404224,27.630697290576986
792.101050876685,27.600067251354407
792.546901842529,27.569438232431267
792.992724301727,27.53851897456144
793.438518254253,27.50700694866052
793.884283700081,27.474977917865722
794.330020639184,27.44256462562652
794.775729071534,27.40983384113366
795.221408997107,27.3773800446185
795.667060415874,27.345936287239176
796.112683327809,27.315787270728563
796.558277732886,27.28696331116374
797.003843631077,27.258991527263706
797.449381022357,27.231255842067963
797.894889906698,27.20358408137325
798.340370284075,27.175878382607316
798.785822154459,27.148156442094297
799.231245517825,27.12053233975967
799.676640374146,27.093228493929352
800.122006723395,27.066251825190452
800.567344565545,27.039725000819487
801.01265390057,27.013881650067393
801.457934728444,26.988967576929902
801.903187049139,26.96487149850369
802.348410862629,26.941094513089833
802.793606168887,26.917496252487712
803.238772967887,26.893686049703437
803.683911259602,26.869345666940536
804.129021044005,26.844698067712038
804.574102321069,26.819689991996718
805.019155090769,26.794458786934843
805.464179353077,26.769411419138034
805.909175107966,26.74490836618906
806.35414235541,26.72090465508289
806.799081095382,26.697540183324126
807.243991327857,26.674755839164348
807.688873052805,26.652267383803913
808.133726270203,26.629628664108825
808.578550980022,26.606725588232052
809.023347182235,26.583802910461657
809.468114876817,26.56091241916344
809.912854063741,26.5382859205954
810.35756474298,26.516183669571472
810.802246914507,26.494508703509403
811.246900578295,26.473405678349057
811.691525734319,26.45297022930491
812.136122382551,26.43291128407787
812.580690522964,26.412728839848818
813.025230155532,26.39186984240592
813.469741280229,26.37009158975008
813.914223897028,26.347174052180655
814.358678005901,26.323269258685027
814.803103606823,26.298665902194063
815.247500699766,26.273469933855058
815.691869284704,26.24784954154814
816.136209361611,26.222202389598657
816.58052093046,26.196797679361072
817.024803991223,26.17175808733646
817.469058543875,26.146918886472356
817.913284588388,26.122046235727435
818.357482124737,26.09681888055875
818.801651152893,26.070930115589313
819.245791672832,26.044303282731434
819.689903684525,26.017231236700315
820.133987187947,25.989826165512714
820.578042183071,25.962144258565978
821.022068669869,25.934116587808116
821.466066648317,25.90572131872586
821.910036118385,25.877123638013654
822.353977080049,25.848239330092586
822.797889533281,25.81929040115065
823.241773478055,25.790540657431528
823.685628914344,25.761906576240612
824.129455842121,25.73343424849888
824.57325426136,25.705373148012047
825.017024172035,25.677974138449603
825.460765574117,25.651464082873744
825.904478467582,25.62592045638363
826.348162852401,25.601079240634483
826.791818728549,25.57642458150711
827.235446095998,25.55173223519595
827.679044954723,25.526747481996857
828.122615304696,25.50148009862293
828.566157145891,25.475999020834696
829.009670478281,25.450533335209336
829.45315530184,25.42481073035257
829.89661161654,25.398145677472474
830.340039422355,25.37056302519846
830.783438719259,25.34272709566215
831.226809507225,25.314941129685597
831.670151786225,25.287364730322082
832.113465556235,25.260034089595752
832.556750817226,25.232824561726904
833.000007569172,25.206004377220566
833.443235812046,25.179887646486925
833.886435545823,25.15423472564525
834.329606770474,25.12864402495717
834.772749485974,25.10262902962146
835.215863692296,25.075966107047293
835.658949389413,25.048648780471854
836.102006577299,25.02096180786421
836.545035255926,24.993734302960792
836.988035425269,24.967416831299488
837.4310070853,24.941806325148214
837.873950235993,24.91667438085409
838.316864877321,24.891760438876027
838.759751009257,24.866778303141047
839.202608631776,24.84173533578802
839.64543774485,24.816445218191678
840.088238348452,24.791106149765017
840.531010442556,24.766113345597713
840.973754027135,24.74212524866689
841.416469102163,24.719395083552882
841.859155667613,24.697604247129675
842.301813723458,24.676068042011902
842.744443269671,24.654252877731647
843.187044306226,24.63183239041972
843.629616833097,24.60881966800702
844.072160850256,24.5854503184475
844.514676357677,24.562058730702557
844.957163355334,24.539328817700216
845.399621843198,24.518246837555164
845.842051821245,24.499227696413296
846.284453289447,24.48221478711404
846.726826247778,24.46663297156009
847.16917069621,24.451787524720995
847.611486634718,24.437105523381266
848.053774063275,24.422504689985566
848.496032981853,24.408392258688277
848.938263390427,24.39528102222505
849.380465288969,24.383128340994485
849.822638677453,24.37119715466772
850.264783555852,24.358630369988344
850.70689992414,24.345066721599224
851.14898778229,24.330452829234908
851.591047130276,24.314680518088192
852.03307796807,24.297408713981184
852.475080295646,24.278875141940496
852.917054112977,24.259586019225672
853.358999420037,24.240366336683582
853.800916216799,24.222233100003507
854.242804503236,24.20556748817675
854.684664279322,24.189952570775564
855.126495545029,24.174543844709678
855.568298300332,24.158558264352635
856.010072545204,24.14155995567815
856.451818279618,24.12399546145405
856.893535503547,24.106843476469155
857.335224216965,24.09057081440755
857.776884419845,24.074967606450855
858.21851611216,24.059561650635764
858.660119293884,24.044211697429365
859.10169396499,24.028806674302032
859.543240125451,24.013337767665778
859.984757775241,23.997332731911506
860.426246914333,23.980368788799822
860.8677075427,23.96259582906092
861.309139660316,23.944706686402018
861.750543267154,23.927316728167618
862.191918363187,23.91115693215679
862.63326494839,23.89650184215431
863.074583022734,23.883098869678516
863.515872586194,23.870056904219716
863.957133638742,23.85671137468692
864.398366180352,23.842881381171548
864.839570210998,23.828406464595346
865.280745730653,23.81309859464852
865.721892739289,23.796966824494593
866.163011236881,23.780211543108717
866.604101223402,23.76364148736925
867.045162698825,23.747948149024015
867.486195663123,23.733313777995704
867.92720011627,23.719486525039684
868.36817605824,23.706300139710784
868.809123489004,23.69344501550933
869.250042408538,23.681381642396797
869.690932816813,23.67039288822253
870.131794713804,23.660566042770927
870.572628099484,23.651830196632055
871.013432973825,23.64393031347585
871.454209336803,23.63682666823532
871.894957188389,23.630035493551404
872.335676528557,23.6225748824288
872.776367357281,23.6138201033089
873.217029674533,23.603425088010113
873.657663480288,23.59135384546999
874.098268774518,23.577962070795092
874.538845557197,23.563965504554044
874.979393828298,23.550082878232978
875.419913587795,23.536756926009225
875.86040483566,23.523889515736457
876.300867571868,23.51146483056391
876.741301796391,23.499713054984255
877.181707509203,23.488882511690747
877.622084710277,23.479137118347676
878.062433399586,23.47047378073104
878.502753577105,23.462986224572752
878.943045242805,23.457145904896244
879.383308396662,23.452929241457948
879.823543038646,23.45008467008265
880.263749168734,23.44788508830529
880.703926786896,23.44553096255684
881.144075893108,23.44248555780976
881.584196487342,23.4386724148008
882.024288569571,23.434140651673278
882.464352139769,23.428931759921298
882.90438719791,23.423357255049364
883.344393743966,23.417622411823714
883.784371777911,23.41158439329316
884.224321299718,23.405213376271004
884.664242309361,23.39888668408603
885.104134806812,23.393371978505336
885.543998792046,23.38901842702493
885.983834265036,23.385758140956252
886.423641225754,23.383093020151453
886.863419674175,23.380539282721912
887.303169610271,23.377781623818905
887.742891034016,23.374391936797497
888.182583945383,23.37003142597224
888.622248344346,23.36510047533005
889.061884230878,23.359764009856168
889.501491604952,23.354275628561556
889.941070466542,23.34876592524955
890.380620815621,23.343519060822356
890.820142652162,23.338449374195175
891.259635976139,23.333169856060664
891.699100787524,23.327355773941417
892.138537086292,23.320983175701034
892.577944872416,23.31451483630605
893.017324145868,23.308564870226796
893.456674906623,23.303798433043667
893.895997154654,23.300293856859035
894.335290889933,23.29799268689775
894.774556112435,23.296609493605317
895.213792822132,23.295353538965664
895.653001018999,23.294085116869866
896.092180703007,23.29239330381078
896.531331874132,23.290032464746655
896.970454532345,23.28703515593588
897.409548677621,23.283547410336308
897.848614309932,23.279779700903813
898.287651429253,23.275615581760064
898.726660035556,23.271117019933147
899.165640128814,23.266587489750144
899.604591709002,23.26233489269805
900.043514776091,23.25835648828708
900.482409330057,23.254673561030035
900.921275370872,23.25103715503223
901.360112898509,23.247171411801148
901.798921912941,23.24275297032625
902.237702414143,23.237509399698233
902.676454402087,23.23163866726753
903.115177876747,23.22574627369555
903.553872838096,23.220239402146134
903.992539286107,23.21552671146481
904.431177220754,23.211666231271664
904.86978664201,23.208550975518357
905.308367549849,23.20568932208769
905.746919944243,23.20189232805904
906.185443825166,23.19611301669467
906.623939192592,23.187945210875235
907.062406046493,23.1779537308457
907.500844386844,23.167450764114115
907.939254213617,23.15771898450026
908.377635526786,23.149873519341458
908.815988326323,23.144348757469892
909.254312612204,23.140914784773262
909.6926083844,23.13865033684364
910.130875642885,23.13656468517653
910.569114387633,23.13416971706015
911.007324618616,23.131293514652945
911.445506335808,23.12772367057916
911.883659539184,23.12333668329819
912.321784228714,23.11875979599208
912.759880404374,23.114909046335473
913.197948066137,23.112769373851066
913.635987213975,23.112940718698482
914.073997847862,23.11533574177907
914.511979967772,23.119470207143223
914.949933573678,23.124582672209964
915.387858665552,23.129819237847087
915.82575524337,23.134698614210883
916.263623307103,23.1394036581547
916.701462856725,23.144759779676395
917.13927389221,23.151623905022927
917.577056413531,23.16118025614769
918.01481042066,23.174868922302387
918.452535913573,23.193887406160464
918.890232892241,23.218872682290712
919.327901356638,23.24956920526776
919.765541306738,23.285306671458983
920.203152742514,23.32490766684945
920.640735663939,23.367724485415803
921.078290070986,23.41342387322835
921.51581596363,23.461633705576226
921.953313341843,23.512828324331917
922.390782205597,23.567361903883807
922.828222554868,23.625196009699412
923.265634389629,23.686017254975592
923.703017709852,23.749126559475034
924.14037251551,23.813373337972905
924.577698806578,23.877536993688352
925.014996583029,23.94051630501014
925.452265844835,24.001345689064152
925.889506591971,24.059524650001865
926.326718824409,24.114829264443802
926.763902542123,24.167541370161533
927.201057745086,24.218151867594656
927.638184433273,24.267619858311626
928.075282606654,24.31704910270766
928.512352265206,24.36714225356066
928.949393408899,24.418158284034742
929.386406037709,24.469773253242145
929.823390151608,24.52090218513497
930.26034575057,24.57068876312787
930.697272834567,24.618177203494337
931.134171403574,24.663259908918402
931.571041457564,24.706524192587803
932.007882996509,24.748815440530763
932.444696020384,24.791386249444244
932.881480529161,24.835122261479196
933.318236522814,24.880483253594722
933.754964001317,24.92700035347371
934.191662964642,24.97321757016957
934.628333412764,25.017710647193734
935.064975345654,25.05917176829594
935.501588763287,25.097071633292433
935.938173665637,25.131704575002697
936.374730052675,25.164019597770235
936.811257924376,25.194846402061145
937.247757280714,25.225043940970984
937.68422812166,25.254766005948863
938.12067044719,25.283855379315096
938.557084257275,25.311983472727604
938.993469551889,25.338096971208948
939.429826331007,25.36161463255913
939.8661545946,25.382118708449568
940.302454342643,25.399630182457205
940.738725575108,25.414635694423616
941.17496829197,25.427738473111322
941.611182493201,25.43934601772727
942.047368178774,25.44951260012816
942.483525348664,25.45816110549023
942.919654002843,25.46485221708888
943.355754141284,25.469101099931112
943.791825763962,25.47067534751039
944.227868870849,25.46918059334769
944.663883461919,25.463983594405413
945.099869537145,25.454648414656628
945.535827096501,25.44083038681014
945.971756139959,25.421954118460224
946.407656667493,25.397310985993066
946.843528679076,25.3665020415379
947.279372174683,25.329198433671944
947.715187154285,25.285687965912967
948.150973617857,25.23705251678604
948.586731565372,25.184312453150955
949.022460996803,25.12852836298602
949.458161912123,25.071100057819482
949.893834311306,25.013002646179107
950.329478194325,24.954558644194908
950.765093561153,24.895985462450064
951.200680411765,24.837164864477373
951.636238746132,24.777988825440275
952.071768564229,24.718855443766618
952.507269866029,24.660264509306643
952.942742651505,24.603132974916683
953.37818692063,24.548372226538586
953.813602673378,24.496888329773483
954.248989909722,24.448821926681333
954.684348629636,24.403423504870627
955.119678833093,24.359600552693646
955.554980520065,24.316174601103814
955.990253690528,24.271910961663497
956.425498344453,24.226380395385956
956.860714481814,24.179625326769898
957.295902102585,24.132502223058243
957.731061206738,24.08586750271771
958.166191794248,24.040228717587663
958.601293865087,23.99580251383985
959.03636741923,23.95278747021684
959.471412456648,23.9113188029786
959.906428977316,23.87108432220778
960.341416981206,23.831644439336138
960.776376468294,23.792805492872404
961.21130743855,23.75456023600867
961.646209891949,23.71738075968479
962.081083828465,23.68176433490053
962.51592924807,23.648120534253824
962.950746150738,23.616539039511423
963.385534536442,23.58733599910625
963.820294405156,23.560098747416543
964.255025756853,23.534789107566084
964.689728591505,23.511396588553346
965.124402909088,23.490047290406633
965.559048709573,23.47103327622446
965.993665992935,23.454002269502645
966.428254759146,23.438659502706447
966.86281500818,23.424818304644596
967.297346740011,23.41241031031781
967.731849954611,23.401475381570425
968.166324651954,23.391954051086604
968.600770832013,23.383952046804055
969.035188494762,23.377574129489552
969.469577640173,23.372768138213917
969.903938268221,23.369247461629012
970.338270378879,23.36672371014516
970.77257397212,23.364866063392913
971.206849047916,23.363482729207842
971.641095606243,23.362099643683898
972.075313647072,23.36033712836545
972.509503170378,23.358574814601308
972.943664176134,23.35737311884737
973.377796664312,23.35715812385356
973.811900634886,23.358215383131252
974.245976087831,23.360395860397798
974.680023023118,23.363397964889774
975.114041440722,23.366695055961284
975.548031340615,23.36954683376179
975.981992722771,23.371334829220267
976.415925587164,23.37178036978502
976.849829933766,23.371216294202966
977.283705762552,23.370173823448262
977.717553073493,23.36945558375523
978.151371866565,23.37001838779888
978.585162141739,23.372152824663345
979.01892389899,23.37561795305998
979.45265713829,23.37997946240286
979.886361859613,23.379979462402872
980.320038062933,23.379979462402872
980.753685748223,23.379979462402872
981.187304915455,23.379979462402872
981.620895564604,23.379979462402872
982.054457695643,23.379979462402872
982.487991308545,23.379979462402872
982.921496403283,23.379979462402872
983.35497297983,23.379979462402872
983.788421038161,23.379979462402872
984.221840578248,23.379979462402872
984.655231600065,23.379979462402872
985.088594103585,23.379979462402872
985.521928088782,23.379979462402872
985.955233555628,23.379979462402872
986.388510504097,23.379979462402872
986.821758934163,23.379979462402872
987.254978845799,23.379979462402872
987.688170238977,23.379979462402872
988.121333113672,23.379979462402872
988.554467469857,23.379979462402872
988.987573307505,23.379979462402872
989.420650626589,23.379979462402872
989.853699427083,23.379979462402872
990.286719708961,23.379979462402872
990.719711472194,23.379979462402872
991.152674716758,23.379979462402872
991.585609442624,23.379979462402872
992.018515649767,23.379979462402872
992.45139333816,23.379979462402872
